case_id,email,ideal_summary,model_summary,human_score
gc-020,"Oi, tive um bug - minha fatura mostra que fui cobrado duas vezes esse mes pelo plano anual do Taskline. Can someone fix this bug and refund the duplicate charge? Ja tentei entrar em contato duas vezes sem resposta.",The customer reports being charged twice for their annual plan and wants a refund.,Duplicate charge on annual invoice.,4
gc-094,Could we schedule an onboarding call to walk our new team through Taskline basics?,The customer requests an onboarding call for their new team.,Request for onboarding call.,5
gc-060,"the notifcation badge on the mobil app icon still shows 12 unread even tho i read everything already, keeps happening evertime i open n close the app",The customer reports that the mobile app's notification badge count doesn't clear after reading notifications.,Notification badge not updating correctly.,3
gc-053,"Fantastic, a surprise 'platform fee' just appeared on our invoice that nobody mentioned when we signed up. Love a good surprise. Can you explain what this is and remove it if it's a mistake?",The customer wants an explanation and possible removal of an unexplained platform fee on their invoice.,Inquiry about unexpected platform fee.,4
gc-088,What's the best way to invite five new team members to our workspace at once?,The customer asks how to invite multiple new team members at once.,Invite five new team members.,4
gc-061,"so ok this has been happening for about two weeks now, we have a bunch of recurring tasks set up to repeat every monday for our weekly standup prep, and normally after we check one off it just regenrates for the next week automaticaly like its suppost to, but lately some of them just dont come back at all, like literally 3 of our 8 recurring tasks just disapeared after we completed them last monday and never showed up again this week, we had to manually recreate them which is kind of a pain since we have to redo all the checklist items inside each one too, its not all of them just some, and it doesnt seem to be the same ones every time either which is the confusing part, we havent changed anything about how they were set up as far as i know, could this be some kind of bug with the recurrence engine or did something maybe get changed in a recent update that broke it for certain task types",The customer reports that some recurring tasks stop regenerating after being completed.,Recurring tasks not regenerating correctly.,4
gc-067,"I need to transfer ownership of our workspace to my colleague since I'm leaving the company. Once that happens, will future invoices go to her email automatically, or does someone need to update the billing contact separately?",The customer asks whether invoicing will automatically move to a new workspace owner or needs a manual billing contact update.,Transfer ownership and billing inquiry.,3
gc-026,"Hi, could you please send me a copy of our July invoice? I need it for our expense report.
Thanks,
Priya",The customer requests a copy of their July invoice for an expense report.,Request for July invoice copy.,5
gc-057,The calendar view is showing all our tasks due on the 1st of the month regardless of their actual due date. This started after today's update.,The customer reports that the calendar view is displaying incorrect due dates after an update.,Calendar view shows incorrect dates.,4
gc-028,Love how my Taskline subscription magically upgraded itself to the Enterprise plan without me touching anything. Truly a masterclass in customer consent. Please downgrade me back and refund the difference.,The customer wants their plan downgraded and refunded after an unauthorized upgrade to Enterprise.,Request to downgrade and refund.,3
gc-071,We're a 300 person company evaluating Taskline for the whole org. Could someone from your account executive team reach out to walk us through Enterprise features?,The customer requests a walkthrough of Enterprise features from a sales representative.,Request for Enterprise features demo.,5
gc-047,We built an open source integration connecting Taskline with our internal tool and would like to get it listed in your official integrations marketplace. Also wondering if that would qualify us for a higher API rate limit as a verified partner.,The customer wants their integration listed in the marketplace and asks about partner API limits.,Request for integration listing details.,3
gc-042,Please add jane@company.com as an admin.,The customer wants a specific email added as an admin on their account.,Add admin user request.,4
gc-077,"hey quick question, can we chnage our renewal date to the 1st of the month instead of the 15th, our fiscal year starts then and it would make accounting eaiser",The customer wants to change their plan renewal date to align with their fiscal year.,Change renewal date request.,4
gc-025,"We're building an internal integration and want to know if Taskline offers a public API with higher rate limits for Enterprise customers, and whether there's a partner program for verified integrations we could join.",The customer asks whether Taskline offers a public API with higher limits and a partner program for integrations.,Inquiry about API and integrations.,3
gc-089,"I am confuse about the different role, what is exact different between member and admin permission, because I want give correct access for new person but not sure which one is right choice.",The customer wants clarification on the difference between member and admin permissions.,Clarification on member vs admin roles.,5
gc-001,Please cancel my Taskline subscription effective immediately.,The customer wants their Taskline subscription cancelled right away.,Cancel Taskline subscription immediately.,5
gc-013,"Hi there, I hope you're doing well. I'm the finance coordinator for our marketing agency and we've been using Taskline for about two years now across three different teams, which has honestly been a huge help for keeping our campaigns organized, especially during our busiest quarter last fall when we were juggling five client launches at once. Anyway, the reason I'm writing is that when I was reconciling our books this month I noticed that our annual renewal charge came in about $340 higher than what we paid last year, and I don't remember getting any notice about a price increase or a change in the number of seats on our plan. We haven't added anyone new to the team since March, if anything we're down one person after a recent departure, so I'm a little confused about where the extra charge is coming from. Could someone look into our account and explain the discrepancy, and let me know if this is something we should expect going forward? Thanks so much for your help.",The customer wants an explanation for an unexpected increase in their annual renewal charge.,Inquiry about unexpected charge increase.,4
gc-017,"Our invoice this month shows 22 seats but we only have 20 active users, so we're being overcharged. Separately, dark mode still resets to light every time I log out, which is annoying but not urgent. Could you fix the seat count and issue a credit for the difference?",The customer reports being overcharged for two extra seats and wants a credit issued.,Invoice discrepancy and dark mode issue.,3
gc-090,"Wonderful, our whole account got suspended overnight with zero warning right after a payment hiccup, really appreciate finding out from my team instead of you. Can someone reinstate our access so we can actually work today?",The customer wants their suspended account access reinstated after an unannounced suspension.,Account suspended after payment issue.,4
gc-096,"I write for a small business tech blog and would love to interview someone from your team about how Taskline started, would that be something you're open to, or is that more of a partnerships conversation?","The customer, a blogger, requests an interview with the Taskline team.",Request for interview opportunity.,4
gc-092,"We'd like to enable SSO for our workspace before our security audit next week. While we're at it, would adding SSO change our per-seat pricing at all?",The customer wants to enable SSO for their workspace before an upcoming security audit.,SSO impact on pricing inquiry.,3
gc-036,"so this is kinda weird, when we reorder tasks by dragging them up or down on the board sometimes they jump to a totally different position then where we dropped them, like i'll drag a task to the top and it ends up in the middle instead, this doesnt happen every time, maybe like 1 out of 5 drags, ive tried it on chrome and edge and it happens on both so i dont think its a browser thing, my coworker who sits next to me says he hasnt noticed it but he also doesnt reorder tasks as much as i do so maybe he just hasnt hit it yet, we use boards pretty heavily for our sprint planning so this is causing some confusion about task priority order when the wrong things end up on top, not a huge emergency but its been happening for like a week now and getting kind of annoying, any idea whats causing it",The customer reports that dragging tasks to reorder them sometimes drops them in the wrong position.,Task reordering issue on board.,3
gc-023,"I want to permanently delete my Taskline account, but before I do I need to know how to export all of my task history and files first, and also whether canceling mid-cycle gets me a prorated refund. The deletion is the main thing though, I just don't want to lose everything in the process.",The customer wants to permanently delete their account after exporting their data.,Delete account and export data.,5
gc-075,"Oi, minha equipe é toda de Português e gostaríamos de saber se o Taskline tem planos de adicionar suporte ao idioma português na interface? Would be great for our team's adoption.",The customer asks whether Taskline plans to add Portuguese language support in the interface.,Inquiry about Portuguese language support.,5
gc-011,"I was updating our card on the invoice page when the site suddenly asked me for a two factor code I never set up in the first place. Now I can't get back into my account and my whole team is locked out of the workspace. This is urgent, we have a client deadline today.",The customer is locked out of their account after an unexpected two factor authentication prompt.,Unable to access account urgently.,3
gc-087,We stopped receiving email reminders for upcoming task due dates as of this week. Push notifications still work fine though.,The customer reports that email reminders for task due dates have stopped arriving.,Email reminders not received.,4
gc-029,"Bonjour, je voudrais savoir combien coûte le passage de notre équipe de 8 à 15 sièges sur le plan annuel? Also, does the price change apply immediately or at renewal?",The customer asks how much it would cost to expand their team from 8 to 15 seats on the annual plan.,Inquiry about seat pricing changes.,4
gc-055,"We cancelled two seats last week but got charged for the full 20 this cycle, please refund the difference. Unrelated, but the task priority icons have looked weirdly pixelated on our screens lately, not urgent though.",The customer wants a refund after being charged for seats they cancelled.,Refund request for cancelled seats.,5
gc-032,Our Slack integration has started sending every task update twice into the channel since this morning. Anyone else seeing this?,The customer reports that the Slack integration is sending duplicate task update notifications.,Slack integration sending duplicate updates.,5
